{
"lengthUnit": "mil",
"components": {
	"fields": ["COMPONENT_NO", "COMPONENT_NAME", "LAYER", "X_COORDINATE", "Y_COORDINATE", "ANGLE"],
	"rows": [
		[1, "C1", "B", 3230, 1225, 180],
		[2, "C2", "B", 3239.69, 1740.1, 270],
		[3, "C3", "B", 3230, 1135, 180],
		[4, "C4", "B", 3130, 1740, 270],
		[5, "C5", "B", 2145, 2639, 90],
		[6, "C6", "B", 1880, 2380, 90],
		[7, "C7", "B", 3120, 2544, 270],
		[8, "C8", "B", 2400, 3040, 270],
		[9, "C9", "T", 2630, 1885, 270],
		[10, "C10", "T", 3130, 2315, 0],
		[11, "C11", "T", 2545, 1885, 270],
		[12, "C12", "T", 3005, 2275, 270],
		[13, "C13", "T", 2785, 2320, 0],
		[14, "C14", "T", 2920, 2275, 90],
		[15, "C15", "T", 2290, 2310, 180],
		[16, "C16", "T", 2290, 2220, 180],
		[17, "C17", "T", 2570, 2320, 0],
		[18, "C18", "T", 3295, 2505, 90],
		[19, "C19", "T", 3200, 2505, 90],
		[20, "C20", "T", 2610, 2695, 90],
		[21, "C21", "T", 2080.64, 2624.65, 0],
		[22, "C22", "T", 2080, 2710, 0],
		[23, "C23", "T", 2080, 2455, 0],
		[24, "C24", "T", 1909.7, 2541.69, 0],
		[25, "C25", "T", 2610, 2455, 180],
		[26, "C26", "T", 2830, 2650, 270],
		[27, "C27", "T", 1905, 3000, 180],
		[28, "C28", "T", 1900, 3105, 180],
		[29, "C29", "T", 2875, 2905, 0],
		[30, "C30", "T", 2875, 2995, 0],
		[31, "C31", "T", 2175, 1515, 0],
		[32, "C32", "T", 2460, 1885, 270],
		[33, "C33", "T", 2380, 1885, 270],
		[34, "CARD1", "T", 1945, 1065, 0],
		[35, "DISPLAY", "T", 1944.96, 1785.07, 0],
		[36, "EARPHONE", "T", 3160, 2925, 0],
		[37, "EN", "B", 2240, 2940, 180],
		[38, "FLASH", "B", 2240, 3090, 180],
		[39, "L1", "T", 2080, 3110, 180],
		[40, "L2", "T", 2080, 2990, 180],
		[41, "L3", "T", 2700.64, 2995.56, 0],
		[42, "L4", "T", 2700, 2900, 0],
		[43, "LED1", "T", 3343.9, 1345, 90],
		[44, "LED2", "B", 2490, 3035, 90],
		[45, "POWER", "B", 3345, 1930, 270],
		[46, "Q1", "B", 1930, 2885, 270],
		[47, "Q2", "B", 1780, 2885, 270],
		[48, "R1", "T", 3345, 1510, 270],
		[49, "R2", "B", 2090, 2329, 180],
		[50, "R3", "B", 2090, 2425, 180],
		[51, "R4", "B", 1720, 3074, 270],
		[52, "R5", "B", 3119.11, 2378.11, 270],
		[53, "R6", "B", 2290, 1635, 270],
		[54, "R7", "B", 2380, 1635, 270],
		[55, "R8", "B", 1859.11, 3123.11, 0],
		[56, "R9", "B", 1859.11, 3028.11, 180],
		[57, "R10", "B", 1635, 3074, 270],
		[58, "R11", "B", 2045, 3020, 180],
		[59, "R12", "B", 2045, 3115, 180],
		[60, "R13", "T", 2290, 2135, 0],
		[61, "R14", "T", 2290, 2045, 0],
		[62, "R15", "T", 2087.03, 2541.69, 0],
		[63, "R16", "T", 2615, 2550, 0],
		[64, "R17", "T", 3055, 2545, 0],
		[65, "R18", "T", 2810, 1100, 0],
		[66, "R19", "T", 2340, 1105, 180],
		[67, "R20", "T", 2175, 1620, 180],
		[68, "R21", "T", 2130, 1960, 90],
		[69, "R22", "T", 2045, 1960, 90],
		[70, "R23", "T", 1958.52, 1956.15, 90],
		[71, "R24", "T", 1874.16, 1956.15, 90],
		[72, "R25", "T", 1783.76, 1956.15, 90],
		[73, "R26", "T", 3130, 2005, 270],
		[74, "R27", "T", 3130, 2155, 90],
		[75, "RN2", "T", 2765, 2085, 270],
		[76, "ROTATE SW", "T", 2570, 1390, 0],
		[77, "SPK_L", "T", 2650, 3110, 0],
		[78, "SPK_R", "T", 2895, 3110, 0],
		[79, "SW4", "B", 3345, 1700, 270],
		[80, "U1", "B", 2630, 2209, 180],
		[81, "U2", "B", 1860, 2645, 180],
		[82, "U3", "B", 3185, 1460, 270],
		[83, "U4", "T", 2370, 2685, 270],
		[84, "U5", "T", 2575, 2135, 270],
		[85, "U6", "T", 2760, 1905, 270],
		[86, "U7", "T", 3250, 2175, 90],
		[87, "USB1", "B", 1725, 2295, 90]
	]
},
"pins": {
	"fields": ["PIN_NO", "PIN_NAME", "PIN_X", "PIN_Y", "LAYER", "PIN_TYPE", "NET_NAME", "NET_TYPE", "PAD_SHAPE", "PAD_SIZEX", "PAD_SIZEY", "HOLE_SIZE", "PAD_ANGLE"],
	"rows": [
		[1, "C1_1", 3269.37, 1225, "B", "SMD", "GND", "GND", "R", 55.51, 53.15, 0, 180],
		[2, "C1_2", 3190.63, 1225, "B", "SMD", "3V3", "", "R", 55.51, 53.15, 0, 180],
		[3, "C2_1", 3239.69, 1779.47, "B", "SMD", "GND", "GND", "R", 55.51, 53.15, 0, 270],
		[4, "C2_2", 3239.69, 1700.73, "B", "SMD", "5V'", "", "R", 55.51, 53.15, 0, 270],
		[5, "C3_1", 3269.37, 1135, "B", "SMD", "GND", "GND", "R", 55.51, 53.15, 0, 180],
		[6, "C3_2", 3190.63, 1135, "B", "SMD", "3V3", "", "R", 55.51, 53.15, 0, 180],
		[7, "C4_1", 3130, 1779.37, "B", "SMD", "GND", "GND", "R", 55.51, 53.15, 0, 270],
		[8, "C4_2", 3130, 1700.63, "B", "SMD", "5V'", "", "R", 55.51, 53.15, 0, 270],
		[9, "C5_1", 2145, 2599.63, "B", "SMD", "GND", "GND", "R", 55.51, 53.15, 0, 90],
		[10, "C5_2", 2145, 2678.37, "B", "SMD", "5V'", "", "R", 55.51, 53.15, 0, 90],
		[11, "C6_1", 1880, 2340.63, "B", "SMD", "GND", "GND", "R", 55.51, 53.15, 0, 90],
		[12, "C6_2", 1880, 2419.37, "B", "SMD", "$3N768", "", "R", 55.51, 53.15, 0, 90],
		[13, "C7_1", 3120, 2583.37, "B", "SMD", "GND", "GND", "R", 55.51, 53.15, 0, 270],
		[14, "C7_2", 3120, 2504.63, "B", "SMD", "3V3", "", "R", 55.51, 53.15, 0, 270],
		[15, "C8_1", 2400, 3079.37, "B", "SMD", "GND", "GND", "R", 55.51, 53.15, 0, 270],
		[16, "C8_2", 2400, 3000.63, "B", "SMD", "EN", "", "R", 55.51, 53.15, 0, 270],
		[17, "C9_1", 2630, 1924.37, "T", "SMD", "GND", "GND", "R", 55.51, 53.15, 0, 270],
		[18, "C9_2", 2630, 1845.63, "T", "SMD", "$4N858", "", "R", 55.51, 53.15, 0, 270],
		[19, "C10_1", 3090.63, 2315, "T", "SMD", "GND", "GND", "R", 55.51, 53.15, 0, 0],
		[20, "C10_2", 3169.37, 2315, "T", "SMD", "$4N807", "", "R", 55.51, 53.15, 0, 0],
		[21, "C11_1", 2545, 1924.37, "T", "SMD", "GND", "GND", "R", 55.51, 53.15, 0, 270],
		[22, "C11_2", 2545, 1845.63, "T", "SMD", "3V3_A", "", "R", 55.51, 53.15, 0, 270],
		[23, "C12_1", 3005, 2314.37, "T", "SMD", "GND", "GND", "R", 55.51, 53.15, 0, 270],
		[24, "C12_2", 3005, 2235.63, "T", "SMD", "3V3_D", "", "R", 55.51, 53.15, 0, 270],
		[25, "C13_1", 2745.63, 2320, "T", "SMD", "3V3_D", "", "R", 55.51, 53.15, 0, 0],
		[26, "C13_2", 2824.37, 2320, "T", "SMD", "GND", "GND", "R", 55.51, 53.15, 0, 0],
		[27, "C14_1", 2920, 2235.63, "T", "SMD", "LDOO", "", "R", 55.51, 53.15, 0, 90],
		[28, "C14_2", 2920, 2314.37, "T", "SMD", "GND", "GND", "R", 55.51, 53.15, 0, 90],
		[29, "C15_1", 2329.37, 2310, "T", "SMD", "$4N1484", "", "R", 55.51, 53.15, 0, 180],
		[30, "C15_2", 2250.63, 2310, "T", "SMD", "$4N1488", "", "R", 55.51, 53.15, 0, 180],
		[31, "C16_1", 2329.37, 2220, "T", "SMD", "$4N1576", "", "R", 55.51, 53.15, 0, 180],
		[32, "C16_2", 2250.63, 2220, "T", "SMD", "GND", "GND", "R", 55.51, 53.15, 0, 180],
		[33, "C17_1", 2530.63, 2320, "T", "SMD", "GND", "GND", "R", 55.51, 53.15, 0, 0],
		[34, "C17_2", 2609.37, 2320, "T", "SMD", "3V3_D", "", "R", 55.51, 53.15, 0, 0],
		[35, "C18_1", 3295, 2465.63, "T", "SMD", "GND", "GND", "R", 55.51, 53.15, 0, 90],
		[36, "C18_2", 3295, 2544.37, "T", "SMD", "AUDIO_R", "", "R", 55.51, 53.15, 0, 90],
		[37, "C19_1", 3200, 2465.63, "T", "SMD", "GND", "GND", "R", 55.51, 53.15, 0, 90],
		[38, "C19_2", 3200, 2544.37, "T", "SMD", "AUDIO_L", "", "R", 55.51, 53.15, 0, 90],
		[39, "C20_1", 2610, 2655.63, "T", "SMD", "GND", "GND", "R", 55.51, 53.15, 0, 90],
		[40, "C20_2", 2610, 2734.37, "T", "SMD", "5V'", "", "R", 55.51, 53.15, 0, 90],
		[41, "C21_1", 2041.27, 2624.65, "T", "SMD", "GND", "GND", "R", 55.51, 53.15, 0, 0],
		[42, "C21_2", 2120.01, 2624.65, "T", "SMD", "5V'", "", "R", 55.51, 53.15, 0, 0],
		[43, "C22_1", 2040.63, 2710, "T", "SMD", "GND", "GND", "R", 55.51, 53.15, 0, 0],
		[44, "C22_2", 2119.37, 2710, "T", "SMD", "5V'", "", "R", 55.51, 53.15, 0, 0],
		[45, "C23_1", 2040.63, 2455, "T", "SMD", "GND", "GND", "R", 55.51, 53.15, 0, 0],
		[46, "C23_2", 2119.37, 2455, "T", "SMD", "$4N3315", "", "R", 55.51, 53.15, 0, 0],
		[47, "C24_1", 1870.33, 2541.69, "T", "SMD", "AUDIO_L", "", "R", 55.51, 53.15, 0, 0],
		[48, "C24_2", 1949.07, 2541.69, "T", "SMD", "$4N3520", "", "R", 55.51, 53.15, 0, 0],
		[49, "C25_1", 2649.37, 2455, "T", "SMD", "$4N3556", "", "R", 55.51, 53.15, 0, 180],
		[50, "C25_2", 2570.63, 2455, "T", "SMD", "AUDIO_R", "", "R", 55.51, 53.15, 0, 180],
		[51, "C26_1", 2830, 2755.12, "T", "SMD", "5V'", "", "R", 137.79, 47.24, 0, 270],
		[52, "C26_2", 2830, 2544.88, "T", "SMD", "GND", "GND", "R", 137.79, 47.24, 0, 270],
		[53, "C27_1", 1944.37, 3000, "T", "SMD", "SPK_L-", "", "R", 55.51, 53.15, 0, 180],
		[54, "C27_2", 1865.63, 3000, "T", "SMD", "GND", "GND", "R", 55.51, 53.15, 0, 180],
		[55, "C28_1", 1939.37, 3105, "T", "SMD", "SPK_L+", "", "R", 55.51, 53.15, 0, 180],
		[56, "C28_2", 1860.63, 3105, "T", "SMD", "GND", "GND", "R", 55.51, 53.15, 0, 180],
		[57, "C29_1", 2835.63, 2905, "T", "SMD", "SPK_R-", "", "R", 55.51, 53.15, 0, 0],
		[58, "C29_2", 2914.37, 2905, "T", "SMD", "GND", "GND", "R", 55.51, 53.15, 0, 0],
		[59, "C30_1", 2835.63, 2995, "T", "SMD", "SPK_R+", "", "R", 55.51, 53.15, 0, 0],
		[60, "C30_2", 2914.37, 2995, "T", "SMD", "GND", "GND", "R", 55.51, 53.15, 0, 0],
		[61, "C31_1", 2135.63, 1515, "T", "SMD", "3V3", "", "R", 55.51, 53.15, 0, 0],
		[62, "C31_2", 2214.37, 1515, "T", "SMD", "GND", "GND", "R", 55.51, 53.15, 0, 0],
		[63, "C32_1", 2460, 1924.37, "T", "SMD", "GND", "GND", "R", 55.51, 53.15, 0, 270],
		[64, "C32_2", 2460, 1845.63, "T", "SMD", "3V3_A", "", "R", 55.51, 53.15, 0, 270],
		[65, "C33_1", 2380, 1924.37, "T", "SMD", "GND", "GND", "R", 55.51, 53.15, 0, 270],
		[66, "C33_2", 2380, 1845.63, "T", "SMD", "3V3_A", "", "R", 55.51, 53.15, 0, 270],
		[67, "CARD1_1", 2033.58, 1273.66, "T", "SMD", "$1N4054", "", "R", 27.56, 62.99, 0, 0],
		[68, "CARD1_2", 1990.27, 1273.66, "T", "SMD", "IO5", "", "R", 27.56, 62.99, 0, 0],
		[69, "CARD1_3", 1946.97, 1273.66, "T", "SMD", "IO23", "", "R", 27.56, 62.99, 0, 0],
		[70, "CARD1_4", 1903.66, 1273.66, "T", "SMD", "3V3", "", "R", 27.56, 62.99, 0, 0],
		[71, "CARD1_5", 1860.35, 1273.66, "T", "SMD", "IO18", "", "R", 27.56, 62.99, 0, 0],
		[72, "CARD1_6", 1817.05, 1273.66, "T", "SMD", "GND", "GND", "R", 27.56, 62.99, 0, 0],
		[73, "CARD1_7", 1773.74, 1273.66, "T", "SMD", "IO19", "", "R", 27.56, 62.99, 0, 0],
		[74, "CARD1_8", 1730.43, 1273.66, "T", "SMD", "CARD1_8", "", "R", 27.56, 62.99, 0, 0],
		[75, "CARD1_9", 1687.12, 1273.66, "T", "SMD", "CARD1_9", "", "R", 27.56, 62.99, 0, 0],
		[76, "CARD1_10", 1639.88, 1234.29, "T", "SMD", "GND", "GND", "R", 47.24, 59.05, 0, 0],
		[77, "CARD1_11", 1639.88, 856.34, "T", "SMD", "GND", "GND", "R", 47.24, 86.61, 0, 0],
		[78, "CARD1_12", 2214.68, 1234.29, "T", "SMD", "GND", "GND", "R", 62.99, 59.05, 0, 0],
		[79, "CARD1_13", 2250.12, 856.34, "T", "SMD", "GND", "GND", "R", 47.24, 86.61, 0, 0],
		[80, "DISPLAY_1", 1644.96, 1785.07, "T", "DIP", "GND", "GND", "R", 66.93, 66.93, 43.31, 0],
		[81, "DISPLAY_1", 1644.96, 1785.07, "B", "DIP", "GND", "GND", "R", 66.93, 66.93, 43.31, 0],
		[82, "DISPLAY_2", 1744.96, 1785.07, "T", "DIP", "3V3", "", "C", 66.93, 66.93, 43.31, 0],
		[83, "DISPLAY_2", 1744.96, 1785.07, "B", "DIP", "3V3", "", "C", 66.93, 66.93, 43.31, 0],
		[84, "DISPLAY_3", 1844.96, 1785.07, "T", "DIP", "IO18", "", "C", 66.93, 66.93, 43.31, 0],
		[85, "DISPLAY_3", 1844.96, 1785.07, "B", "DIP", "IO18", "", "C", 66.93, 66.93, 43.31, 0],
		[86, "DISPLAY_4", 1944.96, 1785.07, "T", "DIP", "IO23", "", "C", 66.93, 66.93, 43.31, 0],
		[87, "DISPLAY_4", 1944.96, 1785.07, "B", "DIP", "IO23", "", "C", 66.93, 66.93, 43.31, 0],
		[88, "DISPLAY_5", 2044.96, 1785.07, "T", "DIP", "IO17", "", "C", 66.93, 66.93, 43.31, 0],
		[89, "DISPLAY_5", 2044.96, 1785.07, "B", "DIP", "IO17", "", "C", 66.93, 66.93, 43.31, 0],
		[90, "DISPLAY_6", 2144.96, 1785.07, "T", "DIP", "IO16", "", "C", 66.93, 66.93, 43.31, 0],
		[91, "DISPLAY_6", 2144.96, 1785.07, "B", "DIP", "IO16", "", "C", 66.93, 66.93, 43.31, 0],
		[92, "DISPLAY_7", 2244.96, 1785.07, "T", "DIP", "IO4", "", "C", 66.93, 66.93, 43.31, 0],
		[93, "DISPLAY_7", 2244.96, 1785.07, "B", "DIP", "IO4", "", "C", 66.93, 66.93, 43.31, 0],
		[94, "EARPHONE_1", 3041.89, 2765.55, "T", "SMD", "IO21", "", "R", 118.11, 55.12, 0, 0],
		[95, "EARPHONE_2", 3278.11, 3084.45, "T", "SMD", "GND", "GND", "R", 118.11, 55.12, 0, 0],
		[96, "EARPHONE_3", 3278.11, 2966.34, "T", "SMD", "AUDIO_R", "", "R", 118.11, 55.12, 0, 0],
		[97, "EARPHONE_4", 3278.11, 2808.86, "T", "SMD", "AUDIO_L", "", "R", 118.11, 55.12, 0, 0],
		[98, "EN_1", 2326.02, 2940, "B", "SMD", "GND", "GND", "R", 48.42, 53.54, 0, 180],
		[99, "EN_2", 2153.98, 2940, "B", "SMD", "$3N2241", "", "R", 48.42, 53.54, 0, 180],
		[100, "FLASH_1", 2326.02, 3090, "B", "SMD", "GND", "GND", "R", 48.42, 53.54, 0, 180],
		[101, "FLASH_2", 2153.98, 3090, "B", "SMD", "$3N2288", "", "R", 48.42, 53.54, 0, 180],
		[102, "L1_1", 2118.04, 3110, "T", "SMD", "OUT_L+", "", "R", 44.59, 54.21, 0, 180],
		[103, "L1_2", 2041.96, 3110, "T", "SMD", "SPK_L+", "", "R", 44.59, 54.21, 0, 180],
		[104, "L2_1", 2118.04, 2990, "T", "SMD", "OUT_L-", "", "R", 44.59, 54.21, 0, 180],
		[105, "L2_2", 2041.96, 2990, "T", "SMD", "SPK_L-", "", "R", 44.59, 54.21, 0, 180],
		[106, "L3_1", 2662.6, 2995.56, "T", "SMD", "OUT_R+", "", "R", 44.59, 54.21, 0, 0],
		[107, "L3_2", 2738.68, 2995.56, "T", "SMD", "SPK_R+", "", "R", 44.59, 54.21, 0, 0],
		[108, "L4_1", 2661.96, 2900, "T", "SMD", "OUT_R-", "", "R", 44.59, 54.21, 0, 0],
		[109, "L4_2", 2738.04, 2900, "T", "SMD", "SPK_R-", "", "R", 44.59, 54.21, 0, 0],
		[110, "LED1_1", 3343.9, 1386.35, "T", "SMD", "$2N1178", "", "R", 39.37, 55.1, 0, 270],
		[111, "LED1_2", 3343.9, 1303.65, "T", "SMD", "GND", "GND", "R", 39.37, 55.1, 0, 270],
		[112, "LED2_1", 2490, 3076.35, "B", "SMD", "$3N2506", "", "R", 39.37, 55.1, 0, 270],
		[113, "LED2_2", 2490, 2993.65, "B", "SMD", "EN", "", "R", 39.37, 55.1, 0, 270],
		[114, "POWER_1", 3345, 1980, "T", "DIP", "GND", "GND", "R", 78.74, 78.74, 47.24, 270],
		[115, "POWER_1", 3345, 1980, "B", "DIP", "GND", "GND", "R", 78.74, 78.74, 47.24, 270],
		[116, "POWER_2", 3345, 1880, "T", "DIP", "5V", "", "C", 78.74, 78.74, 47.24, 270],
		[117, "POWER_2", 3345, 1880, "B", "DIP", "5V", "", "C", 78.74, 78.74, 47.24, 270],
		[118, "Q1_1", 1967.4, 2836.38, "B", "SMD", "$3N1858", "", "R", 42.13, 23.62, 0, 270],
		[119, "Q1_2", 1892.6, 2836.38, "B", "SMD", "RTS", "", "R", 42.13, 23.62, 0, 270],
		[120, "Q1_3", 1930, 2933.63, "B", "SMD", "EN", "", "R", 42.13, 23.62, 0, 270],
		[121, "Q2_1", 1817.4, 2836.38, "B", "SMD", "$3N1856", "", "R", 42.13, 23.62, 0, 270],
		[122, "Q2_2", 1742.6, 2836.38, "B", "SMD", "DTR", "", "R", 42.13, 23.62, 0, 270],
		[123, "Q2_3", 1780, 2933.63, "B", "SMD", "IO0", "", "R", 42.13, 23.62, 0, 270],
		[124, "R1_1", 3345, 1549.37, "T", "SMD", "5V'", "", "R", 44.59, 54.21, 0, 270],
		[125, "R1_2", 3345, 1470.63, "T", "SMD", "$2N1178", "", "R", 44.59, 54.21, 0, 270],
		[126, "R2_1", 2129.37, 2329, "B", "SMD", "RX", "", "R", 44.59, 54.21, 0, 180],
		[127, "R2_2", 2050.63, 2329, "B", "SMD", "$3N709", "", "R", 44.59, 54.21, 0, 180],
		[128, "R3_1", 2129.37, 2425, "B", "SMD", "TX", "", "R", 44.59, 54.21, 0, 180],
		[129, "R3_2", 2050.63, 2425, "B", "SMD", "$3N711", "", "R", 44.59, 54.21, 0, 180],
		[130, "R4_1", 1720, 3113.37, "B", "SMD", "3V3", "", "R", 44.59, 54.21, 0, 270],
		[131, "R4_2", 1720, 3034.63, "B", "SMD", "IO0", "", "R", 44.59, 54.21, 0, 270],
		[132, "R5_1", 3119.11, 2417.48, "B", "SMD", "3V3", "", "R", 44.59, 54.21, 0, 270],
		[133, "R5_2", 3119.11, 2338.74, "B", "SMD", "EN", "", "R", 44.59, 54.21, 0, 270],
		[134, "R6_1", 2290, 1674.37, "B", "SMD", "IO2", "", "R", 44.59, 54.21, 0, 270],
		[135, "R6_2", 2290, 1595.63, "B", "SMD", "GND", "GND", "R", 44.59, 54.21, 0, 270],
		[136, "R7_1", 2380, 1674.37, "B", "SMD", "IO15", "", "R", 44.59, 54.21, 0, 270],
		[137, "R7_2", 2380, 1595.63, "B", "SMD", "GND", "GND", "R", 44.59, 54.21, 0, 270],
		[138, "R8_1", 1819.74, 3123.11, "B", "SMD", "DTR", "", "R", 44.59, 54.21, 0, 0],
		[139, "R8_2", 1898.49, 3123.11, "B", "SMD", "$3N1858", "", "R", 44.59, 54.21, 0, 0],
		[140, "R9_1", 1898.49, 3028.11, "B", "SMD", "RTS", "", "R", 44.59, 54.21, 0, 180],
		[141, "R9_2", 1819.74, 3028.11, "B", "SMD", "$3N1856", "", "R", 44.59, 54.21, 0, 180],
		[142, "R10_1", 1635, 3113.37, "B", "SMD", "3V3", "", "R", 44.59, 54.21, 0, 270],
		[143, "R10_2", 1635, 3034.63, "B", "SMD", "$3N2506", "", "R", 44.59, 54.21, 0, 270],
		[144, "R11_1", 2084.37, 3020, "B", "SMD", "$3N2241", "", "R", 44.59, 54.21, 0, 180],
		[145, "R11_2", 2005.63, 3020, "B", "SMD", "EN", "", "R", 44.59, 54.21, 0, 180],
		[146, "R12_1", 2084.37, 3115, "B", "SMD", "$3N2288", "", "R", 44.59, 54.21, 0, 180],
		[147, "R12_2", 2005.63, 3115, "B", "SMD", "IO0", "", "R", 44.59, 54.21, 0, 180],
		[148, "R13_1", 2250.63, 2135, "T", "SMD", "AUDIO_L", "", "R", 44.59, 54.21, 0, 0],
		[149, "R13_2", 2329.37, 2135, "T", "SMD", "$4N1746", "", "R", 44.59, 54.21, 0, 0],
		[150, "R14_1", 2250.63, 2045, "T", "SMD", "AUDIO_R", "", "R", 44.59, 54.21, 0, 0],
		[151, "R14_2", 2329.37, 2045, "T", "SMD", "$4N1750", "", "R", 44.59, 54.21, 0, 0],
		[152, "R15_1", 2047.66, 2541.69, "T", "SMD", "$4N3520", "", "R", 44.59, 54.21, 0, 0],
		[153, "R15_2", 2126.4, 2541.69, "T", "SMD", "$4N3630", "", "R", 44.59, 54.21, 0, 0],
		[154, "R16_1", 2575.63, 2550, "T", "SMD", "$4N3634", "", "R", 44.59, 54.21, 0, 0],
		[155, "R16_2", 2654.37, 2550, "T", "SMD", "$4N3556", "", "R", 44.59, 54.21, 0, 0],
		[156, "R17_1", 3015.63, 2545, "T", "SMD", "IO21", "", "R", 44.59, 54.21, 0, 0],
		[157, "R17_2", 3094.37, 2545, "T", "SMD", "3V3", "", "R", 44.59, 54.21, 0, 0],
		[158, "R18_1", 2770.63, 1100, "T", "SMD", "IO35", "", "R", 44.59, 54.21, 0, 0],
		[159, "R18_2", 2849.37, 1100, "T", "SMD", "3V3", "", "R", 44.59, 54.21, 0, 0],
		[160, "R19_1", 2379.37, 1105, "T", "SMD", "IO32", "", "R", 44.59, 54.21, 0, 180],
		[161, "R19_2", 2300.63, 1105, "T", "SMD", "3V3", "", "R", 44.59, 54.21, 0, 180],
		[162, "R20_1", 2214.37, 1620, "T", "SMD", "IO34", "", "R", 44.59, 54.21, 0, 180],
		[163, "R20_2", 2135.63, 1620, "T", "SMD", "3V3", "", "R", 44.59, 54.21, 0, 180],
		[164, "R21_1", 2130, 1920.63, "T", "SMD", "$1N4054", "", "R", 44.59, 54.21, 0, 90],
		[165, "R21_2", 2130, 1999.37, "T", "SMD", "3V3", "", "R", 44.59, 54.21, 0, 90],
		[166, "R22_1", 2045, 1920.63, "T", "SMD", "IO5", "", "R", 44.59, 54.21, 0, 90],
		[167, "R22_2", 2045, 1999.37, "T", "SMD", "3V3", "", "R", 44.59, 54.21, 0, 90],
		[168, "R23_1", 1958.52, 1916.78, "T", "SMD", "IO23", "", "R", 44.59, 54.21, 0, 90],
		[169, "R23_2", 1958.52, 1995.52, "T", "SMD", "3V3", "", "R", 44.59, 54.21, 0, 90],
		[170, "R24_1", 1874.16, 1916.78, "T", "SMD", "IO18", "", "R", 44.59, 54.21, 0, 90],
		[171, "R24_2", 1874.16, 1995.52, "T", "SMD", "3V3", "", "R", 44.59, 54.21, 0, 90],
		[172, "R25_1", 1783.76, 1916.78, "T", "SMD", "IO19", "", "R", 44.59, 54.21, 0, 90],
		[173, "R25_2", 1783.76, 1995.52, "T", "SMD", "3V3", "", "R", 44.59, 54.21, 0, 90],
		[174, "R26_1", 3130, 2044.37, "T", "SMD", "MUTE", "", "R", 44.59, 54.21, 0, 270],
		[175, "R26_2", 3130, 1965.63, "T", "SMD", "3V3", "", "R", 44.59, 54.21, 0, 270],
		[176, "R27_1", 3130, 2115.63, "T", "SMD", "MUTE", "", "R", 44.59, 54.21, 0, 90],
		[177, "R27_2", 3130, 2194.37, "T", "SMD", "IO33", "", "R", 44.59, 54.21, 0, 90],
		[178, "RN2_1", 2781.83, 2114.53, "T", "SMD", "IO25", "", "R", 11.81, 19.88, 0, 90],
		[179, "RN2_2", 2781.83, 2094.84, "T", "SMD", "IO22", "", "R", 11.81, 19.88, 0, 90],
		[180, "RN2_3", 2781.83, 2075.16, "T", "SMD", "IO26", "", "R", 11.81, 19.88, 0, 90],
		[181, "RN2_4", 2781.83, 2055.47, "T", "SMD", "3V3", "", "R", 11.81, 19.88, 0, 90],
		[182, "RN2_5", 2748.17, 2055.47, "T", "SMD", "$4N1012", "", "R", 11.81, 19.88, 0, 90],
		[183, "RN2_6", 2748.17, 2075.16, "T", "SMD", "$4N1014", "", "R", 11.81, 19.88, 0, 90],
		[184, "RN2_7", 2748.17, 2094.84, "T", "SMD", "$4N1016", "", "R", 11.81, 19.88, 0, 90],
		[185, "RN2_8", 2748.17, 2114.53, "T", "SMD", "$4N1018", "", "R", 11.81, 19.88, 0, 90],
		[186, "ROTATE SW_6", 2786.53, 1399.85, "T", "DIP", "ROTATE SW_6", "", "O", 157.48, 90.55, 118.11, 90],
		[187, "ROTATE SW_6", 2786.53, 1399.85, "B", "DIP", "ROTATE SW_6", "", "O", 157.48, 90.55, 118.11, 90],
		[188, "ROTATE SW_7", 2353.47, 1399.85, "T", "DIP", "ROTATE SW_7", "", "O", 157.48, 90.55, 118.11, 90],
		[189, "ROTATE SW_7", 2353.47, 1399.85, "B", "DIP", "ROTATE SW_7", "", "O", 157.48, 90.55, 118.11, 90],
		[190, "ROTATE SW_A", 2469.99, 1104.57, "T", "DIP", "IO32", "", "C", 70.87, 70.87, 51.18, 0],
		[191, "ROTATE SW_A", 2469.99, 1104.57, "B", "DIP", "IO32", "", "C", 70.87, 70.87, 51.18, 0],
		[192, "ROTATE SW_B", 2669.99, 1104.57, "T", "DIP", "IO35", "", "C", 70.87, 70.87, 51.18, 0],
		[193, "ROTATE SW_B", 2669.99, 1104.57, "B", "DIP", "IO35", "", "C", 70.87, 70.87, 51.18, 0],
		[194, "ROTATE SW_C", 2569.99, 1104.57, "T", "DIP", "GND", "GND", "C", 70.87, 70.87, 51.18, 0],
		[195, "ROTATE SW_C", 2569.99, 1104.57, "B", "DIP", "GND", "GND", "C", 70.87, 70.87, 51.18, 0],
		[196, "ROTATE SW_D", 2469.99, 1675.43, "T", "DIP", "IO34", "", "C", 70.87, 70.87, 51.18, 0],
		[197, "ROTATE SW_D", 2469.99, 1675.43, "B", "DIP", "IO34", "", "C", 70.87, 70.87, 51.18, 0],
		[198, "ROTATE SW_E", 2669.99, 1675.43, "T", "DIP", "GND", "GND", "C", 70.87, 70.87, 51.18, 0],
		[199, "ROTATE SW_E", 2669.99, 1675.43, "B", "DIP", "GND", "GND", "C", 70.87, 70.87, 51.18, 0],
		[200, "SPK_L_1", 2600, 3110, "T", "DIP", "SPK_L+", "", "R", 78.74, 78.74, 47.24, 0],
		[201, "SPK_L_1", 2600, 3110, "B", "DIP", "SPK_L+", "", "R", 78.74, 78.74, 47.24, 0],
		[202, "SPK_L_2", 2700, 3110, "T", "DIP", "SPK_L-", "", "C", 78.74, 78.74, 47.24, 0],
		[203, "SPK_L_2", 2700, 3110, "B", "DIP", "SPK_L-", "", "C", 78.74, 78.74, 47.24, 0],
		[204, "SPK_R_1", 2845, 3110, "T", "DIP", "SPK_R+", "", "R", 78.74, 78.74, 47.24, 0],
		[205, "SPK_R_1", 2845, 3110, "B", "DIP", "SPK_R+", "", "R", 78.74, 78.74, 47.24, 0],
		[206, "SPK_R_2", 2945, 3110, "T", "DIP", "SPK_R-", "", "C", 78.74, 78.74, 47.24, 0],
		[207, "SPK_R_2", 2945, 3110, "B", "DIP", "SPK_R-", "", "C", 78.74, 78.74, 47.24, 0],
		[208, "SW4_1", 3345, 1750, "T", "DIP", "5V", "", "R", 78.74, 78.74, 47.24, 270],
		[209, "SW4_1", 3345, 1750, "B", "DIP", "5V", "", "R", 78.74, 78.74, 47.24, 270],
		[210, "SW4_2", 3345, 1650, "T", "DIP", "5V'", "", "C", 78.74, 78.74, 47.24, 270],
		[211, "SW4_2", 3345, 1650, "B", "DIP", "5V'", "", "C", 78.74, 78.74, 47.24, 270],
		[212, "U1_1", 2984.33, 2563.53, "B", "SMD", "GND", "GND", "R", 78.74, 35.43, 0, 180],
		[213, "U1_2", 2984.33, 2513.53, "B", "SMD", "3V3", "", "R", 78.74, 35.43, 0, 180],
		[214, "U1_3", 2984.33, 2463.53, "B", "SMD", "EN", "", "R", 78.74, 35.43, 0, 180],
		[215, "U1_4", 2984.33, 2413.53, "B", "SMD", "U1_4", "", "R", 78.74, 35.43, 0, 180],
		[216, "U1_5", 2984.33, 2363.53, "B", "SMD", "U1_5", "", "R", 78.74, 35.43, 0, 180],
		[217, "U1_6", 2984.33, 2313.53, "B", "SMD", "IO34", "", "R", 78.74, 35.43, 0, 180],
		[218, "U1_7", 2984.33, 2263.53, "B", "SMD", "IO35", "", "R", 78.74, 35.43, 0, 180],
		[219, "U1_8", 2984.33, 2213.53, "B", "SMD", "IO32", "", "R", 78.74, 35.43, 0, 180],
		[220, "U1_9", 2984.33, 2163.53, "B", "SMD", "IO33", "", "R", 78.74, 35.43, 0, 180],
		[221, "U1_10", 2984.33, 2113.53, "B", "SMD", "IO25", "", "R", 78.74, 35.43, 0, 180],
		[222, "U1_11", 2984.33, 2063.53, "B", "SMD", "IO26", "", "R", 78.74, 35.43, 0, 180],
		[223, "U1_12", 2984.33, 2013.53, "B", "SMD", "U1_12", "", "R", 78.74, 35.43, 0, 180],
		[224, "U1_13", 2984.33, 1963.53, "B", "SMD", "U1_13", "", "R", 78.74, 35.43, 0, 180],
		[225, "U1_14", 2984.33, 1913.53, "B", "SMD", "U1_14", "", "R", 78.74, 35.43, 0, 180],
		[226, "U1_15", 2855, 1854.47, "B", "SMD", "GND", "GND", "R", 78.74, 35.43, 0, 270],
		[227, "U1_16", 2805, 1854.47, "B", "SMD", "U1_16", "", "R", 78.74, 35.43, 0, 270],
		[228, "U1_17", 2755, 1854.47, "B", "SMD", "U1_17", "", "R", 78.74, 35.43, 0, 270],
		[229, "U1_18", 2705, 1854.47, "B", "SMD", "U1_18", "", "R", 78.74, 35.43, 0, 270],
		[230, "U1_19", 2655, 1854.47, "B", "SMD", "U1_19", "", "R", 78.74, 35.43, 0, 270],
		[231, "U1_20", 2605, 1854.47, "B", "SMD", "U1_20", "", "R", 78.74, 35.43, 0, 270],
		[232, "U1_21", 2555, 1854.47, "B", "SMD", "U1_21", "", "R", 78.74, 35.43, 0, 270],
		[233, "U1_22", 2505, 1854.47, "B", "SMD", "U1_22", "", "R", 78.74, 35.43, 0, 270],
		[234, "U1_23", 2455, 1854.47, "B", "SMD", "IO15", "", "R", 78.74, 35.43, 0, 270],
		[235, "U1_24", 2405, 1854.47, "B", "SMD", "IO2", "", "R", 78.74, 35.43, 0, 270],
		[236, "U1_25", 2275.67, 1913.53, "B", "SMD", "IO0", "", "R", 78.74, 35.43, 0, 180],
		[237, "U1_26", 2275.67, 1963.53, "B", "SMD", "IO4", "", "R", 78.74, 35.43, 0, 180],
		[238, "U1_27", 2275.67, 2013.53, "B", "SMD", "IO16", "", "R", 78.74, 35.43, 0, 180],
		[239, "U1_28", 2275.67, 2063.53, "B", "SMD", "IO17", "", "R", 78.74, 35.43, 0, 180],
		[240, "U1_29", 2275.67, 2113.53, "B", "SMD", "IO5", "", "R", 78.74, 35.43, 0, 180],
		[241, "U1_30", 2275.67, 2163.53, "B", "SMD", "IO18", "", "R", 78.74, 35.43, 0, 180],
		[242, "U1_31", 2275.67, 2213.53, "B", "SMD", "IO19", "", "R", 78.74, 35.43, 0, 180],
		[243, "U1_32", 2275.67, 2263.53, "B", "SMD", "U1_32", "", "R", 78.74, 35.43, 0, 180],
		[244, "U1_33", 2275.67, 2313.53, "B", "SMD", "IO21", "", "R", 78.74, 35.43, 0, 180],
		[245, "U1_34", 2275.67, 2363.53, "B", "SMD", "RX", "", "R", 78.74, 35.43, 0, 180],
		[246, "U1_35", 2275.67, 2413.53, "B", "SMD", "TX", "", "R", 78.74, 35.43, 0, 180],
		[247, "U1_36", 2275.67, 2463.53, "B", "SMD", "IO22", "", "R", 78.74, 35.43, 0, 180],
		[248, "U1_37", 2275.67, 2513.53, "B", "SMD", "IO23", "", "R", 78.74, 35.43, 0, 180],
		[249, "U1_38", 2275.67, 2563.53, "B", "SMD", "GND", "GND", "R", 78.74, 35.43, 0, 180],
		[250, "U1_39", 2656.77, 2274.54, "B", "SMD", "GND", "GND", "R", 161.42, 161.42, 0, 180],
		[251, "U2_1", 2035, 2531.91, "B", "SMD", "GND", "GND", "O", 22.05, 68.7, 0, 180],
		[252, "U2_2", 1985, 2531.91, "B", "SMD", "$3N709", "", "O", 22.05, 68.7, 0, 180],
		[253, "U2_3", 1935, 2531.91, "B", "SMD", "$3N711", "", "O", 22.05, 68.7, 0, 180],
		[254, "U2_4", 1885, 2531.91, "B", "SMD", "$3N768", "", "O", 22.05, 68.7, 0, 180],
		[255, "U2_5", 1835, 2531.91, "B", "SMD", "UD+", "", "O", 22.05, 68.7, 0, 180],
		[256, "U2_6", 1785, 2531.91, "B", "SMD", "UD-", "", "O", 22.05, 68.7, 0, 180],
		[257, "U2_7", 1735, 2531.91, "B", "SMD", "U2_7", "", "O", 22.05, 68.7, 0, 180],
		[258, "U2_8", 1685, 2531.91, "B", "SMD", "U2_8", "", "O", 22.05, 68.7, 0, 180],
		[259, "U2_9", 1685, 2758.09, "B", "SMD", "U2_9", "", "O", 22.05, 68.7, 0, 180],
		[260, "U2_10", 1735, 2758.09, "B", "SMD", "U2_10", "", "O", 22.05, 68.7, 0, 180],
		[261, "U2_11", 1785, 2758.09, "B", "SMD", "U2_11", "", "O", 22.05, 68.7, 0, 180],
		[262, "U2_12", 1835, 2758.09, "B", "SMD", "U2_12", "", "O", 22.05, 68.7, 0, 180],
		[263, "U2_13", 1885, 2758.09, "B", "SMD", "DTR", "", "O", 22.05, 68.7, 0, 180],
		[264, "U2_14", 1935, 2758.09, "B", "SMD", "RTS", "", "O", 22.05, 68.7, 0, 180],
		[265, "U2_15", 1985, 2758.09, "B", "SMD", "U2_15", "", "O", 22.05, 68.7, 0, 180],
		[266, "U2_16", 2035, 2758.09, "B", "SMD", "5V'", "", "O", 22.05, 68.7, 0, 180],
		[267, "U3_1", 3275.55, 1343.07, "B", "SMD", "GND", "GND", "R", 98.42, 43.31, 0, 270],
		[268, "U3_2", 3185, 1343.07, "B", "SMD", "3V3", "", "R", 98.42, 43.31, 0, 270],
		[269, "U3_3", 3094.45, 1343.07, "B", "SMD", "5V'", "", "R", 98.42, 43.31, 0, 270],
		[270, "U3_4", 3185, 1576.93, "B", "SMD", "3V3", "", "R", 92.13, 141.73, 0, 270],
		[271, "U4_1", 2256.91, 2860, "T", "SMD", "OUT_L+", "", "O", 22.05, 68.7, 0, 270],
		[272, "U4_2", 2256.91, 2810, "T", "SMD", "GND", "GND", "O", 22.05, 68.7, 0, 270],
		[273, "U4_3", 2256.91, 2760, "T", "SMD", "OUT_L-", "", "O", 22.05, 68.7, 0, 270],
		[274, "U4_4", 2256.91, 2710, "T", "SMD", "5V'", "", "O", 22.05, 68.7, 0, 270],
		[275, "U4_5", 2256.91, 2660, "T", "SMD", "MUTE", "", "O", 22.05, 68.7, 0, 270],
		[276, "U4_6", 2256.91, 2610, "T", "SMD", "5V'", "", "O", 22.05, 68.7, 0, 270],
		[277, "U4_7", 2256.91, 2560, "T", "SMD", "$4N3630", "", "O", 22.05, 68.7, 0, 270],
		[278, "U4_8", 2256.91, 2510, "T", "SMD", "$4N3315", "", "O", 22.05, 68.7, 0, 270],
		[279, "U4_9", 2483.09, 2510, "T", "SMD", "GND", "GND", "O", 22.05, 68.7, 0, 270],
		[280, "U4_10", 2483.09, 2560, "T", "SMD", "$4N3634", "", "O", 22.05, 68.7, 0, 270],
		[281, "U4_11", 2483.09, 2610, "T", "SMD", "GND", "GND", "O", 22.05, 68.7, 0, 270],
		[282, "U4_12", 2483.09, 2660, "T", "SMD", "5V'", "", "O", 22.05, 68.7, 0, 270],
		[283, "U4_13", 2483.09, 2710, "T", "SMD", "5V'", "", "O", 22.05, 68.7, 0, 270],
		[284, "U4_14", 2483.09, 2760, "T", "SMD", "OUT_R-", "", "O", 22.05, 68.7, 0, 270],
		[285, "U4_15", 2483.09, 2810, "T", "SMD", "GND", "GND", "O", 22.05, 68.7, 0, 270],
		[286, "U4_16", 2483.09, 2860, "T", "SMD", "OUT_R+", "", "O", 22.05, 68.7, 0, 270],
		[287, "U5_1", 2461.97, 2250.16, "T", "SMD", "3V3_D", "", "O", 14.33, 68.58, 0, 270],
		[288, "U5_2", 2461.97, 2224.57, "T", "SMD", "$4N1488", "", "O", 14.33, 68.58, 0, 270],
		[289, "U5_3", 2461.97, 2198.98, "T", "SMD", "GND", "GND", "O", 14.33, 68.58, 0, 270],
		[290, "U5_4", 2461.97, 2173.39, "T", "SMD", "$4N1484", "", "O", 14.33, 68.58, 0, 270],
		[291, "U5_5", 2461.97, 2147.79, "T", "SMD", "$4N1576", "", "O", 14.33, 68.58, 0, 270],
		[292, "U5_6", 2461.97, 2122.2, "T", "SMD", "$4N1746", "", "O", 14.33, 68.58, 0, 270],
		[293, "U5_7", 2461.97, 2096.61, "T", "SMD", "$4N1750", "", "O", 14.33, 68.58, 0, 270],
		[294, "U5_8", 2461.97, 2071.02, "T", "SMD", "3V3_A", "", "O", 14.33, 68.58, 0, 270],
		[295, "U5_9", 2461.97, 2045.43, "T", "SMD", "GND", "GND", "O", 14.33, 68.58, 0, 270],
		[296, "U5_10", 2461.97, 2019.84, "T", "SMD", "GND", "GND", "O", 14.33, 68.58, 0, 270],
		[297, "U5_11", 2688.03, 2019.84, "T", "SMD", "GND", "GND", "O", 14.33, 68.58, 0, 270],
		[298, "U5_12", 2688.03, 2045.43, "T", "SMD", "$4N1012", "", "O", 14.33, 68.58, 0, 270],
		[299, "U5_13", 2688.03, 2071.02, "T", "SMD", "$4N1014", "", "O", 14.33, 68.58, 0, 270],
		[300, "U5_14", 2688.03, 2096.61, "T", "SMD", "$4N1016", "", "O", 14.33, 68.58, 0, 270],
		[301, "U5_15", 2688.03, 2122.2, "T", "SMD", "$4N1018", "", "O", 14.33, 68.58, 0, 270],
		[302, "U5_16", 2688.03, 2147.79, "T", "SMD", "GND", "GND", "O", 14.33, 68.58, 0, 270],
		[303, "U5_17", 2688.03, 2173.39, "T", "SMD", "3V3_D", "", "O", 14.33, 68.58, 0, 270],
		[304, "U5_18", 2688.03, 2198.98, "T", "SMD", "LDOO", "", "O", 14.33, 68.58, 0, 270],
		[305, "U5_19", 2688.03, 2224.57, "T", "SMD", "GND", "GND", "O", 14.33, 68.58, 0, 270],
		[306, "U5_20", 2688.03, 2250.16, "T", "SMD", "3V3_D", "", "O", 14.33, 68.58, 0, 270],
		[307, "U6_1", 2797.4, 1955.06, "T", "SMD", "3V3", "", "R", 21.65, 39.37, 0, 180],
		[308, "U6_2", 2759.99, 1955.06, "T", "SMD", "GND", "GND", "R", 21.65, 39.37, 0, 180],
		[309, "U6_3", 2722.6, 1955.06, "T", "SMD", "3V3", "", "R", 21.65, 39.37, 0, 180],
		[310, "U6_4", 2722.6, 1854.94, "T", "SMD", "$4N858", "", "R", 21.65, 39.37, 0, 180],
		[311, "U6_5", 2797.4, 1854.94, "T", "SMD", "3V3_A", "", "R", 21.65, 39.37, 0, 180],
		[312, "U7_1", 3212.6, 2124.94, "T", "SMD", "3V3", "", "R", 21.65, 39.37, 0, 0],
		[313, "U7_2", 3250.01, 2124.94, "T", "SMD", "GND", "GND", "R", 21.65, 39.37, 0, 0],
		[314, "U7_3", 3287.4, 2124.94, "T", "SMD", "3V3", "", "R", 21.65, 39.37, 0, 0],
		[315, "U7_4", 3287.4, 2225.06, "T", "SMD", "$4N807", "", "R", 21.65, 39.37, 0, 0],
		[316, "U7_5", 3212.6, 2225.06, "T", "SMD", "3V3_D", "", "R", 21.65, 39.37, 0, 0],
		[317, "USB1_1", 1787.85, 2243.82, "B", "SMD", "5V", "", "R", 62.99, 15.75, 0, 180],
		[318, "USB1_2", 1787.85, 2269.41, "B", "SMD", "UD-", "", "R", 62.99, 15.75, 0, 180],
		[319, "USB1_3", 1787.85, 2295, "B", "SMD", "UD+", "", "R", 62.99, 15.75, 0, 180],
		[320, "USB1_4", 1787.85, 2320.59, "B", "SMD", "USB1_4", "", "R", 62.99, 15.75, 0, 180],
		[321, "USB1_5", 1787.85, 2346.18, "B", "SMD", "GND", "GND", "R", 62.99, 15.75, 0, 180],
		[322, "USB1_6", 1767.28, 2390.47, "T", "DIP", "GND", "GND", "C", 51.18, 51.18, 27.56, 90],
		[323, "USB1_6", 1767.28, 2390.47, "B", "DIP", "GND", "GND", "C", 51.18, 51.18, 27.56, 90],
		[324, "USB1_7", 1662.15, 2437.71, "T", "DIP", "GND", "GND", "O", 51.18, 70.87, 43.31, 90],
		[325, "USB1_7", 1662.15, 2437.71, "B", "DIP", "GND", "GND", "O", 51.18, 70.87, 43.31, 90],
		[326, "USB1_8", 1662.15, 2152.29, "T", "DIP", "GND", "GND", "O", 51.18, 70.87, 43.31, 90],
		[327, "USB1_8", 1662.15, 2152.29, "B", "DIP", "GND", "GND", "O", 51.18, 70.87, 43.31, 90],
		[328, "USB1_9", 1767.27, 2199.53, "T", "DIP", "GND", "GND", "C", 51.18, 51.18, 27.56, 90],
		[329, "USB1_9", 1767.27, 2199.53, "B", "DIP", "GND", "GND", "C", 51.18, 51.18, 27.56, 90]
	]
}
}